                  epoch,         train/box_loss,         train/cls_loss,         train/dfl_loss,   metrics/precision(B),      metrics/recall(B),       metrics/mAP50(B),    metrics/mAP50-95(B),           val/box_loss,           val/cls_loss,           val/dfl_loss,                 lr/pg0,                 lr/pg1,                 lr/pg2
                      1,                 1.2134,                 3.3038,                 1.4479,                0.65496,                  0.617,                0.66481,                 0.4716,                 1.0189,                 1.4978,                 1.2551,              0.0033149,              0.0033149,              0.0033149
                      2,                  1.111,                 1.6458,                 1.2999,                 0.7084,                0.70785,                0.78082,                0.52648,                 1.1662,                 1.2576,                 1.3316,              0.0066263,              0.0066263,              0.0066263
                      3,                 1.1853,                 1.5045,                 1.3491,                0.59439,                0.64097,                0.67294,                 0.4545,                 1.1624,                 1.5354,                 1.3417,              0.0099157,              0.0099157,              0.0099157
                      4,                 1.2863,                 1.6012,                 1.4342,                0.66764,                0.66838,                0.70048,                0.44921,                 1.3034,                 1.5304,                 1.5051,               0.009901,               0.009901,               0.009901
                      5,                 1.2946,                 1.5069,                 1.4383,                0.65368,                0.70315,                0.71531,                0.47754,                 1.2104,                 1.3494,                 1.4312,               0.009868,               0.009868,               0.009868
                      6,                 1.2614,                  1.377,                 1.4222,                0.70176,                0.69449,                0.74242,                 0.5022,                 1.2199,                 1.2495,                 1.4226,               0.009835,               0.009835,               0.009835
                      7,                 1.2335,                 1.2969,                 1.4076,                0.70879,                0.66354,                 0.7383,                0.51083,                 1.2004,                 1.3424,                 1.4285,               0.009802,               0.009802,               0.009802
                      8,                  1.224,                 1.2529,                 1.3971,                0.82803,                0.72403,                0.78965,                0.54199,                 1.1941,                 1.0713,                 1.3861,               0.009769,               0.009769,               0.009769
                      9,                 1.1747,                 1.1745,                 1.3655,                 0.7699,                0.76378,                0.81987,                0.55865,                 1.1746,                 1.0174,                 1.4022,               0.009736,               0.009736,               0.009736
                     10,                 1.1487,                 1.1132,                 1.3343,                0.77637,                0.74978,                0.79939,                0.55051,                 1.1662,                   1.08,                 1.3961,               0.009703,               0.009703,               0.009703
                     11,                 1.1427,                  1.103,                 1.3447,                0.74073,                0.73658,                0.78713,                 0.5458,                 1.1305,                 1.0287,                 1.3345,                0.00967,                0.00967,                0.00967
                     12,                 1.1037,                 1.0139,                 1.3112,                0.78899,                0.74667,                0.81396,                0.58484,                 1.0734,                0.97752,                 1.3171,               0.009637,               0.009637,               0.009637
                     13,                 1.1001,                 1.0177,                 1.3073,                0.76318,                0.81725,                0.83262,                 0.5888,                 1.0826,                0.91691,                  1.318,               0.009604,               0.009604,               0.009604
                     14,                 1.0656,                 0.9671,                 1.2974,                0.81702,                0.77302,                0.83101,                0.59265,                 1.0731,                0.86421,                 1.3033,               0.009571,               0.009571,               0.009571
                     15,                 1.0759,                0.94824,                 1.2926,                0.80927,                0.75275,                0.80735,                0.56974,                 1.1338,                0.95013,                 1.3272,               0.009538,               0.009538,               0.009538
                     16,                 1.0718,                 0.9425,                 1.3013,                0.83429,                0.81821,                0.84765,                0.58883,                 1.1151,                0.84555,                 1.3401,               0.009505,               0.009505,               0.009505
                     17,                  1.033,                0.89421,                  1.261,                0.80781,                0.80319,                0.82042,                0.58495,                 1.0752,                0.88827,                  1.298,               0.009472,               0.009472,               0.009472
                     18,                 1.0449,                0.88384,                 1.2734,                0.80725,                0.81473,                0.86234,                0.61125,                  1.065,                0.81961,                 1.3001,               0.009439,               0.009439,               0.009439
                     19,                 1.0226,                0.85477,                 1.2523,                0.85683,                0.78745,                0.84072,                0.59522,                 1.0733,                0.83541,                 1.2847,               0.009406,               0.009406,               0.009406
                     20,                 1.0001,                0.80589,                 1.2414,                0.80516,                0.83184,                0.85431,                0.60703,                 1.0935,                0.79291,                  1.298,               0.009373,               0.009373,               0.009373
                     21,                0.98506,                 0.7917,                 1.2265,                0.80022,                0.79967,                 0.8443,                0.61235,                 1.0226,                0.83873,                 1.2824,                0.00934,                0.00934,                0.00934
                     22,                0.97988,                0.80544,                 1.2224,                0.81442,                0.82841,                0.85446,                0.62379,                 1.0163,                0.82238,                 1.2555,               0.009307,               0.009307,               0.009307
                     23,                0.98103,                0.78852,                 1.2291,                0.83825,                0.82721,                0.86392,                0.63093,                 1.0214,                0.78239,                 1.2584,               0.009274,               0.009274,               0.009274
                     24,                0.95245,                0.76851,                 1.2122,                0.84087,                0.81773,                0.86773,                0.63285,                 1.0119,                0.77845,                 1.2644,               0.009241,               0.009241,               0.009241
                     25,                 0.9516,                0.74466,                 1.2141,                0.82501,                 0.8057,                0.85785,                0.62565,                 1.0145,                0.80128,                 1.2459,               0.009208,               0.009208,               0.009208
                     26,                0.94098,                0.74267,                 1.2035,                0.88254,                0.75652,                0.84419,                0.61242,                0.99107,                  0.813,                 1.2585,               0.009175,               0.009175,               0.009175
                     27,                0.94059,                0.73669,                  1.196,                0.79971,                0.85526,                0.87754,                0.63499,                 1.0087,                0.76364,                 1.2646,               0.009142,               0.009142,               0.009142
                     28,                 0.9252,                0.73212,                 1.1947,                0.84275,                0.84148,                0.87495,                0.62916,                 1.0118,                0.74968,                 1.2722,               0.009109,               0.009109,               0.009109
                     29,                 0.9174,                0.70477,                  1.188,                0.81678,                0.81041,                0.86947,                0.64069,                0.99415,                0.81121,                 1.2255,               0.009076,               0.009076,               0.009076
                     30,                0.90727,                0.70548,                 1.1824,                0.83488,                0.83706,                0.87421,                0.63987,                 1.0141,                0.77526,                 1.2605,               0.009043,               0.009043,               0.009043
                     31,                0.89802,                0.67963,                 1.1699,                0.82996,                0.83341,                0.84889,                0.62455,                0.98667,                0.80876,                 1.2357,                0.00901,                0.00901,                0.00901
                     32,                0.90657,                0.68179,                 1.1852,                0.85472,                 0.8141,                0.87774,                0.64843,                0.98516,                0.76083,                 1.2487,               0.008977,               0.008977,               0.008977
                     33,                0.87717,                0.65032,                 1.1709,                0.86889,                0.81064,                0.85942,                0.62845,                   1.01,                0.75748,                  1.269,               0.008944,               0.008944,               0.008944
                     34,                0.86564,                0.64249,                 1.1588,                0.86411,                0.82501,                 0.8688,                0.63694,                 1.0051,                0.76999,                 1.2507,               0.008911,               0.008911,               0.008911
                     35,                0.86528,                0.63825,                 1.1684,                0.86037,                0.82686,                0.86745,                0.64185,                0.99218,                0.74942,                 1.2747,               0.008878,               0.008878,               0.008878
                     36,                0.84415,                0.62283,                 1.1466,                0.84021,                0.83175,                0.86192,                0.64386,                 0.9973,                0.76551,                 1.2653,               0.008845,               0.008845,               0.008845
                     37,                0.85899,                0.62559,                 1.1575,                0.82886,                0.84709,                0.87034,                0.65412,                0.96199,                0.73088,                 1.2346,               0.008812,               0.008812,               0.008812
                     38,                0.83215,                0.60883,                 1.1409,                0.87232,                0.83907,                0.89291,                0.65789,                0.96798,                0.68295,                 1.2373,               0.008779,               0.008779,               0.008779
                     39,                0.84327,                0.61919,                  1.145,                0.88801,                0.78618,                0.87517,                0.64526,                 1.0023,                0.73586,                 1.2764,               0.008746,               0.008746,               0.008746
                     40,                0.82054,                0.59274,                 1.1369,                 0.8631,                 0.8352,                0.87891,                0.65893,                0.97026,                0.70574,                 1.2266,               0.008713,               0.008713,               0.008713
                     41,                0.83449,                0.60918,                 1.1432,                0.83381,                 0.8355,                0.85305,                0.63759,                 0.9646,                0.75987,                 1.2416,                0.00868,                0.00868,                0.00868
                     42,                0.82877,                  0.608,                  1.137,                0.87199,                0.78679,                0.86833,                0.65353,                0.96338,                0.71927,                 1.2412,               0.008647,               0.008647,               0.008647
                     43,                0.81823,                0.60294,                 1.1238,                0.88998,                0.85809,                0.89652,                0.65351,                 1.0123,                0.67415,                 1.2781,               0.008614,               0.008614,               0.008614
                     44,                0.80838,                0.58943,                 1.1222,                  0.861,                0.83738,                0.87867,                0.64463,                0.99432,                0.69778,                 1.2591,               0.008581,               0.008581,               0.008581
                     45,                0.80705,                0.58846,                 1.1278,                0.86535,                0.84781,                0.86993,                0.64826,                0.97724,                0.69889,                 1.2746,               0.008548,               0.008548,               0.008548
                     46,                0.79066,                0.57084,                 1.1192,                0.87482,                0.81034,                0.87564,                0.63983,                 1.0037,                0.72532,                 1.3048,               0.008515,               0.008515,               0.008515
                     47,                0.79101,                0.55826,                 1.1136,                 0.8537,                0.83719,                0.87699,                0.66425,                0.93909,                0.73242,                 1.2382,               0.008482,               0.008482,               0.008482
                     48,                0.79262,                0.55499,                 1.1066,                0.87984,                0.81244,                0.87558,                0.65289,                0.96363,                0.70983,                 1.2578,               0.008449,               0.008449,               0.008449
                     49,                0.78208,                0.54333,                 1.1071,                0.85258,                0.85071,                0.86213,                0.63198,                0.99365,                0.73533,                 1.2663,               0.008416,               0.008416,               0.008416
                     50,                0.77523,                0.54999,                 1.1039,                0.85868,                 0.8426,                 0.8686,                0.65013,                0.98903,                0.73996,                 1.2559,               0.008383,               0.008383,               0.008383
                     51,                0.76444,                0.53525,                 1.1089,                0.85142,                0.84506,                0.87287,                0.66336,                0.95839,                0.71554,                 1.2491,                0.00835,                0.00835,                0.00835
                     52,                0.75945,                0.54169,                 1.0995,                0.88909,                0.83927,                0.88716,                0.66206,                0.97429,                0.64856,                 1.2568,               0.008317,               0.008317,               0.008317
                     53,                0.75465,                0.52131,                 1.0911,                0.84791,                0.84903,                0.86835,                0.64143,                0.99517,                0.72374,                 1.2944,               0.008284,               0.008284,               0.008284
                     54,                0.74886,                0.52692,                 1.0857,                0.88591,                0.84458,                 0.8767,                0.65464,                0.96535,                0.68616,                 1.2567,               0.008251,               0.008251,               0.008251
                     55,                0.74318,                0.51726,                 1.0948,                0.90239,                 0.8365,                0.88361,                0.66688,                0.94263,                0.66817,                 1.2454,               0.008218,               0.008218,               0.008218
                     56,                0.73995,                0.51561,                 1.0873,                0.88328,                0.79067,                0.86623,                0.65334,                0.95485,                0.71123,                 1.2468,               0.008185,               0.008185,               0.008185
                     57,                0.73161,                0.50736,                 1.0772,                0.84646,                0.84242,                0.86739,                0.65177,                0.98357,                0.69395,                 1.2899,               0.008152,               0.008152,               0.008152
                     58,                0.72708,                0.51309,                 1.0769,                0.88131,                0.81932,                0.86672,                0.66063,                0.94297,                0.69322,                  1.248,               0.008119,               0.008119,               0.008119
                     59,                0.73189,                0.50645,                 1.0861,                0.86893,                0.86488,                0.88629,                0.66058,                0.97216,                0.67538,                 1.2672,               0.008086,               0.008086,               0.008086
                     60,                0.72211,                0.49673,                 1.0724,                0.88714,                0.83067,                0.88597,                0.65839,                0.99454,                0.68186,                 1.2647,               0.008053,               0.008053,               0.008053
                     61,                0.72401,                0.49537,                 1.0662,                0.85386,                0.85194,                0.87945,                0.66483,                0.93709,                0.70813,                 1.2271,                0.00802,                0.00802,                0.00802
                     62,                0.71391,                0.48976,                  1.062,                0.86417,                0.84433,                0.88538,                0.66475,                0.97569,                0.67592,                 1.2556,               0.007987,               0.007987,               0.007987
                     63,                0.69702,                0.47671,                  1.055,                0.86874,                0.85543,                 0.8836,                0.66444,                0.96313,                0.66326,                 1.2776,               0.007954,               0.007954,               0.007954
                     64,                  0.706,                0.49108,                 1.0664,                 0.8461,                0.85319,                0.86121,                0.64726,                0.97833,                0.71516,                 1.2622,               0.007921,               0.007921,               0.007921
                     65,                0.69323,                   0.48,                 1.0501,                0.84517,                0.84341,                0.87484,                0.65946,                0.95003,                0.71773,                 1.2216,               0.007888,               0.007888,               0.007888
                     66,                0.68996,                 0.4754,                 1.0483,                0.85061,                0.85602,                0.88132,                0.65742,                  0.969,                  0.659,                 1.2456,               0.007855,               0.007855,               0.007855
                     67,                0.68873,                0.47001,                  1.052,                0.88647,                0.84985,                0.87612,                0.65772,                0.96601,                0.68267,                 1.2803,               0.007822,               0.007822,               0.007822
                     68,                0.70536,                0.48246,                 1.0646,                0.88602,                0.84873,                 0.8944,                0.67312,                0.95862,                0.63815,                 1.2473,               0.007789,               0.007789,               0.007789
                     69,                0.68372,                0.47645,                 1.0471,                0.86578,                0.85111,                0.87972,                0.65801,                0.96149,                0.65076,                 1.2459,               0.007756,               0.007756,               0.007756
                     70,                0.67742,                0.45949,                 1.0468,                0.85229,                0.83286,                0.87891,                0.66213,                0.94292,                  0.662,                 1.2315,               0.007723,               0.007723,               0.007723
                     71,                0.67657,                0.46312,                 1.0448,                0.87788,                0.82037,                0.87848,                0.66993,                0.93565,                0.65193,                 1.2428,                0.00769,                0.00769,                0.00769
                     72,                0.67518,                0.46253,                 1.0464,                0.87205,                0.86934,                0.88202,                0.66552,                0.94723,                0.67277,                 1.2404,               0.007657,               0.007657,               0.007657
                     73,                0.66141,                0.45032,                 1.0353,                0.85626,                0.85374,                0.88076,                0.66538,                0.94632,                  0.697,                 1.2444,               0.007624,               0.007624,               0.007624
                     74,                0.65903,                0.45405,                 1.0366,                0.88837,                0.81491,                0.88714,                 0.6709,                0.94585,                0.66266,                 1.2479,               0.007591,               0.007591,               0.007591
                     75,                0.64723,                0.44957,                 1.0336,                0.88509,                0.85129,                0.88749,                0.67155,                0.95549,                0.65612,                 1.2669,               0.007558,               0.007558,               0.007558
                     76,                0.66021,                0.45402,                 1.0446,                0.87412,                0.85572,                0.88307,                0.66924,                0.95322,                 0.6911,                 1.2262,               0.007525,               0.007525,               0.007525
                     77,                0.65544,                0.44801,                 1.0363,                0.87575,                0.84576,                0.88733,                0.66262,                0.97295,                0.65242,                 1.2747,               0.007492,               0.007492,               0.007492
                     78,                0.64887,                0.44554,                 1.0277,                0.86459,                0.84285,                0.89775,                0.67193,                0.95608,                0.66801,                 1.2411,               0.007459,               0.007459,               0.007459
                     79,                0.63529,                0.43179,                  1.024,                0.88483,                0.81837,                0.87586,                  0.657,                0.97666,                0.70439,                 1.2772,               0.007426,               0.007426,               0.007426
                     80,                0.64623,                0.44058,                 1.0262,                0.85907,                0.85198,                0.88468,                0.66205,                 0.9565,                 0.6579,                 1.2638,               0.007393,               0.007393,               0.007393
                     81,                0.63115,                0.42615,                 1.0207,                0.89636,                0.84588,                0.87973,                0.65915,                0.96276,                0.66435,                 1.2729,                0.00736,                0.00736,                0.00736
                     82,                0.63347,                0.42931,                 1.0233,                0.85443,                0.85384,                0.88497,                0.66674,                0.96716,                0.67611,                 1.2648,               0.007327,               0.007327,               0.007327
                     83,                 0.6367,                0.44225,                  1.025,                 0.8683,                0.85793,                0.88254,                0.66494,                0.96334,                0.66274,                  1.258,               0.007294,               0.007294,               0.007294
                     84,                0.62918,                0.42715,                 1.0104,                  0.896,                0.84922,                0.89033,                 0.6638,                0.96346,                0.66226,                 1.2484,               0.007261,               0.007261,               0.007261
                     85,                0.62121,                  0.422,                 1.0188,                0.88065,                0.82994,                0.87868,                0.66135,                0.95579,                0.66485,                 1.2479,               0.007228,               0.007228,               0.007228
                     86,                0.61741,                0.41656,                 1.0156,                0.84802,                0.86565,                0.87796,                0.66262,                0.97815,                0.62382,                 1.2776,               0.007195,               0.007195,               0.007195
                     87,                0.61632,                 0.4094,                 1.0118,                0.86036,                 0.8731,                0.89358,                0.67059,                0.95538,                0.62963,                 1.2606,               0.007162,               0.007162,               0.007162
                     88,                0.62348,                0.42219,                 1.0193,                0.86614,                0.83294,                0.87965,                0.66071,                 0.9793,                0.68048,                 1.2924,               0.007129,               0.007129,               0.007129
                     89,                0.61514,                0.41286,                 1.0218,                0.88103,                0.83338,                0.87793,                0.66135,                0.96963,                0.69518,                 1.2856,               0.007096,               0.007096,               0.007096
                     90,                   0.61,                0.41403,                 1.0205,                0.84468,                0.87094,                0.88445,                  0.675,                0.94121,                0.64971,                 1.2732,               0.007063,               0.007063,               0.007063
                     91,                0.60959,                0.40852,                 1.0032,                 0.8851,                 0.8409,                0.89229,                0.67528,                0.94782,                0.64422,                 1.2541,                0.00703,                0.00703,                0.00703
                     92,                0.60756,                0.40787,                 1.0078,                0.84035,                 0.8584,                 0.8793,                0.66603,                0.93827,                 0.6537,                 1.2268,               0.006997,               0.006997,               0.006997
                     93,                0.60504,                0.41607,                 1.0134,                0.86663,                0.82666,                0.87973,                0.67258,                0.94918,                0.66896,                 1.2684,               0.006964,               0.006964,               0.006964
                     94,                0.59596,                0.40046,                 1.0125,                0.83306,                0.84726,                0.87103,                0.67433,                0.92584,                0.71235,                 1.2479,               0.006931,               0.006931,               0.006931
                     95,                0.60194,                 0.4124,                 1.0114,                0.85128,                 0.8584,                0.86827,                0.65808,                0.96107,                0.67085,                 1.2712,               0.006898,               0.006898,               0.006898
                     96,                 0.5972,                0.39438,                 1.0062,                0.87286,                0.83962,                0.88386,                0.66531,                0.97128,                0.67879,                 1.2718,               0.006865,               0.006865,               0.006865
                     97,                0.58139,                0.39261,                0.99215,                0.87949,                0.83184,                0.87028,                 0.6561,                0.95922,                0.68803,                 1.2523,               0.006832,               0.006832,               0.006832
                     98,                0.60036,                0.40374,                0.99757,                0.87293,                0.85159,                0.87873,                0.66835,                0.94989,                0.67169,                 1.2373,               0.006799,               0.006799,               0.006799
                     99,                0.58308,                0.39563,                0.99288,                0.84685,                0.85395,                0.87572,                0.66034,                0.96987,                0.68815,                 1.2755,               0.006766,               0.006766,               0.006766
                    100,                0.58314,                0.40167,                0.99528,                0.84485,                 0.8419,                0.87326,                0.66309,                0.95176,                0.65482,                 1.2723,               0.006733,               0.006733,               0.006733
                    101,                0.58589,                0.39536,                0.99463,                0.86609,                0.85625,                0.88929,                0.68022,                 0.9426,                0.67561,                 1.2512,                 0.0067,                 0.0067,                 0.0067
                    102,                0.56869,                 0.3806,                0.98965,                0.86891,                0.83538,                0.87377,                 0.6703,                 0.9309,                0.70768,                 1.2334,               0.006667,               0.006667,               0.006667
                    103,                0.57105,                0.38331,                0.98972,                0.89506,                0.84621,                0.88658,                0.67956,                0.93974,                0.64193,                 1.2387,               0.006634,               0.006634,               0.006634
                    104,                0.57367,                0.38398,                0.98956,                0.86294,                0.85136,                 0.8776,                0.67216,                 0.9541,                0.68206,                 1.2461,               0.006601,               0.006601,               0.006601
                    105,                0.57608,                0.38672,                0.99333,                0.88136,                0.83922,                 0.8698,                0.66193,                0.94733,                0.69504,                 1.2569,               0.006568,               0.006568,               0.006568
                    106,                0.56508,                0.37922,                0.98493,                0.89067,                0.82242,                0.86694,                0.66089,                0.95446,                 0.7063,                 1.2633,               0.006535,               0.006535,               0.006535
                    107,                0.56618,                0.37539,                0.98754,                0.90014,                0.84735,                 0.8816,                0.66778,                0.96141,                0.68028,                 1.2757,               0.006502,               0.006502,               0.006502
                    108,                0.56473,                0.37954,                0.99232,                0.87842,                0.84635,                0.88126,                0.66413,                0.94794,                0.65901,                 1.2705,               0.006469,               0.006469,               0.006469
                    109,                0.56903,                0.37436,                0.98819,                0.86336,                0.86244,                0.88308,                0.66875,                 0.9399,                0.65148,                 1.2476,               0.006436,               0.006436,               0.006436
                    110,                0.54778,                0.37433,                0.97776,                 0.8675,                0.86055,                0.88045,                0.66705,                0.93595,                0.65194,                   1.24,               0.006403,               0.006403,               0.006403
                    111,                0.55554,                0.36703,                0.97497,                0.86616,                0.84364,                0.88051,                0.67064,                0.96192,                0.65357,                 1.2516,                0.00637,                0.00637,                0.00637
                    112,                0.56111,                0.37384,                0.98342,                0.85688,                0.84874,                0.88983,                 0.6661,                0.96318,                0.68203,                 1.2638,               0.006337,               0.006337,               0.006337
                    113,                0.55313,                0.36697,                0.97855,                0.88015,                0.83247,                0.87677,                0.66342,                0.94976,                 0.6718,                 1.2604,               0.006304,               0.006304,               0.006304
                    114,                 0.5388,                0.36154,                0.96959,                0.85184,                0.85132,                0.88107,                 0.6701,                0.95018,                0.64684,                 1.2363,               0.006271,               0.006271,               0.006271
                    115,                0.54584,                0.36771,                0.97437,                0.88749,                0.82337,                0.88092,                0.66904,                0.96075,                0.66923,                 1.2632,               0.006238,               0.006238,               0.006238
                    116,                0.54446,                0.36864,                0.97611,                0.90735,                0.82776,                0.88539,                0.68247,                0.93636,                 0.6502,                 1.2385,               0.006205,               0.006205,               0.006205
                    117,                0.54715,                0.36568,                0.97877,                0.88346,                0.85296,                0.89152,                0.67831,                0.94296,                0.60568,                 1.2438,               0.006172,               0.006172,               0.006172
                    118,                0.53921,                0.36302,                0.97251,                 0.8919,                0.85558,                0.88933,                0.66855,                0.95343,                 0.6302,                 1.2553,               0.006139,               0.006139,               0.006139
                    119,                 0.5393,                0.36954,                0.97579,                0.89381,                0.83492,                0.87726,                0.67212,                0.95587,                0.63132,                 1.2638,               0.006106,               0.006106,               0.006106
                    120,                0.53484,                0.36048,                 0.9715,                0.89403,                0.83672,                0.88629,                0.67454,                0.95595,                0.64421,                 1.2702,               0.006073,               0.006073,               0.006073
                    121,                0.53373,                0.35254,                 0.9733,                0.88822,                0.83516,                0.87978,                0.67479,                0.95684,                0.65837,                 1.2752,                0.00604,                0.00604,                0.00604
                    122,                0.52105,                0.34179,                0.96465,                0.89779,                0.81939,                 0.8778,                0.67615,                0.94297,                0.66309,                 1.2673,               0.006007,               0.006007,               0.006007
                    123,                0.52726,                 0.3498,                0.96895,                0.90346,                0.82854,                 0.8783,                0.67098,                0.93747,                0.65831,                 1.2656,               0.005974,               0.005974,               0.005974
                    124,                0.52311,                0.35316,                0.97802,                0.85591,                  0.858,                0.86842,                0.66617,                0.93716,                0.67939,                 1.2813,               0.005941,               0.005941,               0.005941
                    125,                0.51941,                 0.3443,                0.97096,                0.87253,                0.82763,                 0.8691,                0.66087,                0.94275,                0.69175,                 1.2798,               0.005908,               0.005908,               0.005908
                    126,                0.52384,                0.35217,                0.97134,                0.88672,                0.84269,                0.88133,                0.66625,                0.95139,                0.67387,                 1.2835,               0.005875,               0.005875,               0.005875
                    127,                0.51993,                0.34612,                0.97288,                  0.876,                0.84216,                0.88295,                0.67863,                0.93052,                0.65677,                 1.2777,               0.005842,               0.005842,               0.005842
                    128,                0.51958,                0.34939,                0.96345,                0.87269,                0.84028,                0.87362,                0.67453,                0.91416,                0.66135,                 1.2594,               0.005809,               0.005809,               0.005809
                    129,                0.51514,                0.34306,                0.96105,                0.88329,                0.83021,                0.87193,                0.66809,                0.93822,                0.64886,                  1.269,               0.005776,               0.005776,               0.005776
                    130,                0.51157,                0.34632,                0.97063,                0.89752,                0.85356,                0.88167,                0.68156,                0.93498,                0.62328,                 1.2887,               0.005743,               0.005743,               0.005743
                    131,                0.50879,                0.33877,                0.96944,                0.89871,                0.83514,                0.88228,                0.68015,                0.92023,                0.63617,                 1.2486,                0.00571,                0.00571,                0.00571
                    132,                0.51217,                0.33898,                0.96966,                0.87618,                0.84332,                0.88051,                0.67412,                0.94386,                0.67396,                 1.2715,               0.005677,               0.005677,               0.005677
                    133,                0.50521,                0.33916,                0.97418,                0.89383,                0.83782,                0.88839,                0.68545,                0.93256,                0.62764,                 1.2999,               0.005644,               0.005644,               0.005644
                    134,                0.50897,                0.33432,                0.96945,                0.88194,                0.84151,                0.88281,                0.67697,                 0.9399,                0.64709,                 1.2973,               0.005611,               0.005611,               0.005611
                    135,                0.50897,                 0.3412,                0.97219,                0.88296,                0.84144,                0.87053,                0.66807,                0.93994,                0.63228,                 1.2965,               0.005578,               0.005578,               0.005578
                    136,                 0.4976,                 0.3288,                0.96168,                0.88643,                0.83788,                0.87086,                0.67011,                0.93915,                0.67348,                 1.2895,               0.005545,               0.005545,               0.005545
                    137,                0.50272,                0.33243,                0.96611,                0.88057,                0.82801,                0.87148,                0.66937,                0.94726,                 0.6919,                 1.2913,               0.005512,               0.005512,               0.005512
                    138,                0.49489,                0.33458,                0.96109,                0.90524,                0.82321,                0.88347,                0.67266,                0.93869,                0.64839,                 1.2715,               0.005479,               0.005479,               0.005479
                    139,                0.49398,                0.32916,                0.95465,                0.86044,                0.85445,                0.88058,                0.67145,                0.93694,                0.64833,                 1.2704,               0.005446,               0.005446,               0.005446
                    140,                 0.4911,                0.33026,                0.95511,                0.88423,                0.84249,                0.87832,                0.66917,                0.94393,                0.63379,                 1.2676,               0.005413,               0.005413,               0.005413
                    141,                0.49556,                0.33123,                0.95797,                0.88605,                 0.8387,                 0.8777,                0.67019,                0.93839,                0.65784,                 1.2898,                0.00538,                0.00538,                0.00538
                    142,                0.48497,                0.32378,                 0.9496,                 0.8729,                0.82166,                0.87885,                0.67266,                0.94341,                0.64392,                 1.2984,               0.005347,               0.005347,               0.005347
                    143,                0.48928,                0.32035,                 0.9506,                0.88245,                0.81788,                0.87579,                0.66794,                0.93717,                0.65212,                 1.2777,               0.005314,               0.005314,               0.005314
                    144,                0.49533,                0.32713,                0.96276,                0.89329,                0.83209,                0.87962,                0.67318,                0.93308,                 0.6269,                 1.2685,               0.005281,               0.005281,               0.005281
                    145,                 0.4877,                0.32568,                 0.9548,                0.86365,                0.84304,                0.87999,                0.67459,                0.93751,                0.66117,                 1.2693,               0.005248,               0.005248,               0.005248
                    146,                0.47928,                0.31702,                0.94468,                0.83106,                0.86025,                0.88232,                0.67481,                0.94039,                 0.6459,                 1.2709,               0.005215,               0.005215,               0.005215
                    147,                0.48231,                0.31606,                0.94554,                0.84104,                0.86133,                0.88668,                0.67837,                0.95285,                0.62702,                 1.2752,               0.005182,               0.005182,               0.005182
                    148,                0.47979,                0.32563,                0.95041,                0.86311,                0.83132,                0.88301,                0.67114,                0.94611,                0.66094,                 1.2665,               0.005149,               0.005149,               0.005149
                    149,                0.48156,                0.32172,                0.94956,                0.88049,                0.82759,                0.88086,                0.67181,                0.93483,                0.65078,                 1.2674,               0.005116,               0.005116,               0.005116
                    150,                0.47639,                0.31727,                0.94642,                 0.8766,                0.83389,                0.87656,                0.67285,                0.92935,                0.63182,                 1.2581,               0.005083,               0.005083,               0.005083
                    151,                0.47976,                0.31774,                0.94851,                0.86493,                0.84055,                0.87927,                0.67518,                0.92552,                0.64402,                 1.2567,                0.00505,                0.00505,                0.00505
                    152,                0.47543,                0.31518,                0.94704,                0.86036,                0.84777,                0.87833,                0.67042,                0.93274,                0.64847,                 1.2638,               0.005017,               0.005017,               0.005017
                    153,                0.47626,                 0.3123,                0.95251,                0.89353,                0.83741,                0.88205,                0.67546,                0.92549,                0.62632,                  1.272,               0.004984,               0.004984,               0.004984
                    154,                0.46493,                0.30884,                0.94145,                0.89383,                 0.8333,                0.88101,                0.67444,                0.94462,                0.64219,                 1.2847,               0.004951,               0.004951,               0.004951
                    155,                 0.4664,                0.30784,                0.94151,                0.89194,                0.82734,                0.87544,                0.67331,                0.93918,                 0.6528,                 1.2816,               0.004918,               0.004918,               0.004918
                    156,                0.46415,                0.30529,                  0.941,                0.88606,                0.82035,                0.87949,                0.67186,                0.93599,                0.66702,                 1.2799,               0.004885,               0.004885,               0.004885
                    157,                0.46494,                0.31007,                0.94431,                0.87715,                0.82788,                0.87609,                0.66863,                0.95188,                0.69422,                 1.3093,               0.004852,               0.004852,               0.004852
                    158,                0.46861,                0.30971,                0.93984,                0.86974,                0.83411,                0.87753,                0.68246,                0.93073,                0.67823,                 1.2689,               0.004819,               0.004819,               0.004819
                    159,                0.46319,                 0.3067,                0.93994,                0.87221,                0.84783,                0.88344,                0.68443,                0.92887,                0.65337,                 1.2713,               0.004786,               0.004786,               0.004786
                    160,                0.45757,                0.30424,                0.94469,                0.89202,                0.83341,                0.88384,                0.67804,                0.94609,                0.65989,                 1.3027,               0.004753,               0.004753,               0.004753
                    161,                0.46207,                0.31266,                0.94424,                 0.8867,                0.83231,                0.87115,                0.66914,                0.93863,                0.68234,                 1.2932,                0.00472,                0.00472,                0.00472
                    162,                0.45589,                0.30087,                0.94183,                0.88486,                0.83542,                0.87697,                0.67608,                0.92121,                0.67477,                 1.2729,               0.004687,               0.004687,               0.004687
                    163,                0.45289,                0.30066,                0.94261,                0.87607,                0.84097,                0.87742,                0.67415,                0.93747,                0.66388,                  1.291,               0.004654,               0.004654,               0.004654
                    164,                0.45515,                0.29633,                0.93678,                0.88397,                0.83551,                0.87563,                0.67165,                0.93277,                0.65618,                 1.2688,               0.004621,               0.004621,               0.004621
                    165,                0.44548,                0.28886,                0.93213,                0.88029,                 0.8363,                0.87483,                0.67358,                0.93197,                0.67145,                 1.2678,               0.004588,               0.004588,               0.004588
                    166,                0.44958,                0.29867,                0.93552,                0.88871,                0.83274,                0.87076,                0.67212,                0.93016,                0.64784,                   1.27,               0.004555,               0.004555,               0.004555
                    167,                0.44992,                0.29772,                 0.9389,                0.90092,                0.82191,                0.86974,                0.67165,                0.92524,                0.66517,                 1.2764,               0.004522,               0.004522,               0.004522
                    168,                0.44641,                0.29122,                0.93529,                0.88062,                 0.8277,                0.86483,                0.67473,                0.92027,                0.66492,                 1.2709,               0.004489,               0.004489,               0.004489
                    169,                 0.4469,                0.29755,                0.93038,                0.88724,                0.82238,                0.86787,                0.67262,                0.93557,                0.67876,                 1.2733,               0.004456,               0.004456,               0.004456
                    170,                0.43638,                0.29886,                0.92759,                 0.8745,                0.83174,                0.86551,                 0.6733,                0.92846,                0.66012,                  1.286,               0.004423,               0.004423,               0.004423
                    171,                0.43658,                0.29278,                0.92798,                0.88323,                0.83289,                0.86943,                0.67212,                0.93572,                0.67052,                 1.2938,                0.00439,                0.00439,                0.00439
                    172,                0.43656,                0.28592,                0.92509,                0.88874,                0.83623,                0.87348,                0.67385,                0.93165,                0.64112,                 1.2739,               0.004357,               0.004357,               0.004357
                    173,                0.42686,                0.28508,                0.91835,                0.88692,                0.83428,                0.88493,                0.68216,                 0.9298,                0.62761,                 1.2658,               0.004324,               0.004324,               0.004324
                    174,                0.44307,                0.28905,                0.93101,                0.87548,                0.83891,                0.88281,                0.68642,                0.92554,                0.63586,                 1.2711,               0.004291,               0.004291,               0.004291
                    175,                0.43284,                0.28749,                0.92647,                0.87438,                0.84438,                0.87985,                  0.679,                0.91987,                0.64492,                  1.265,               0.004258,               0.004258,               0.004258
                    176,                0.43746,                0.29349,                0.93016,                 0.8759,                0.84562,                0.87487,                0.68409,                0.91488,                0.65926,                 1.2574,               0.004225,               0.004225,               0.004225
                    177,                0.43406,                0.28197,                0.92614,                0.88573,                0.84814,                0.87407,                 0.6792,                0.92611,                0.67478,                 1.2579,               0.004192,               0.004192,               0.004192
                    178,                0.43862,                0.28836,                 0.9361,                0.87788,                0.84729,                0.86929,                0.67544,                0.92285,                0.68634,                 1.2664,               0.004159,               0.004159,               0.004159
                    179,                0.42645,                0.28265,                0.92223,                0.88235,                0.82844,                0.86811,                0.67491,                0.93586,                0.70044,                 1.2861,               0.004126,               0.004126,               0.004126
                    180,                0.42978,                0.27928,                0.92508,                0.87169,                 0.8356,                0.86364,                0.66631,                0.94478,                0.69023,                 1.2952,               0.004093,               0.004093,               0.004093
                    181,                0.41992,                0.27284,                0.92068,                 0.8848,                0.82297,                0.86983,                 0.6691,                 0.9466,                0.70148,                 1.2952,                0.00406,                0.00406,                0.00406
                    182,                0.42382,                0.28126,                 0.9177,                0.89002,                0.83594,                0.87338,                0.67121,                0.95392,                0.68543,                 1.2953,               0.004027,               0.004027,               0.004027
                    183,                0.42132,                0.27634,                0.92141,                0.89391,                0.83229,                0.87676,                0.67455,                0.95396,                0.67816,                  1.299,               0.003994,               0.003994,               0.003994
                    184,                0.42248,                0.27753,                0.92085,                0.87975,                0.83578,                0.87861,                0.67862,                0.94818,                0.67825,                 1.2921,               0.003961,               0.003961,               0.003961
                    185,                0.41753,                0.27508,                0.91902,                0.87286,                 0.8277,                0.88027,                0.67806,                0.94416,                0.68134,                 1.2865,               0.003928,               0.003928,               0.003928
                    186,                0.41649,                0.27273,                0.91551,                0.89002,                0.81811,                0.87516,                0.67284,                0.93947,                0.68264,                 1.2833,               0.003895,               0.003895,               0.003895
                    187,                0.41029,                0.27188,                0.91687,                0.88028,                0.83016,                0.87616,                0.67195,                0.94706,                0.69039,                 1.2843,               0.003862,               0.003862,               0.003862
                    188,                0.40912,                0.26322,                0.91665,                 0.8738,                0.83865,                0.88342,                0.67437,                0.94805,                0.70071,                 1.2805,               0.003829,               0.003829,               0.003829
                    189,                0.40917,                0.26654,                0.90793,                0.87237,                0.83486,                0.88276,                0.67899,                0.95201,                0.70722,                 1.2884,               0.003796,               0.003796,               0.003796
                    190,                0.40624,                0.26835,                 0.9128,                0.86988,                0.82983,                0.87781,                 0.6746,                0.94996,                0.71357,                 1.2876,               0.003763,               0.003763,               0.003763
                    191,                 0.4078,                0.26519,                0.91244,                0.88053,                0.82473,                0.87973,                0.68131,                0.94705,                0.70043,                 1.2768,                0.00373,                0.00373,                0.00373
                    192,                0.40533,                0.26682,                0.91225,                0.86279,                0.83416,                0.86896,                 0.6749,                  0.953,                0.69694,                 1.2867,               0.003697,               0.003697,               0.003697
                    193,                0.40472,                0.26171,                0.90909,                0.84925,                0.84447,                0.86601,                0.66613,                0.95073,                0.70131,                 1.2882,               0.003664,               0.003664,               0.003664
                    194,                 0.4072,                0.26707,                0.91321,                0.84687,                0.84687,                0.86638,                 0.6688,                0.94292,                0.72214,                 1.2788,               0.003631,               0.003631,               0.003631
                    195,                0.40464,                0.26651,                0.91375,                0.87306,                0.83238,                0.86611,                0.67124,                0.94029,                0.69707,                 1.2842,               0.003598,               0.003598,               0.003598
                    196,                0.40231,                0.26719,                0.91201,                0.87183,                0.82897,                0.87216,                0.67353,                0.93541,                0.69063,                 1.2871,               0.003565,               0.003565,               0.003565
                    197,                0.39671,                0.26352,                0.91228,                0.86729,                0.83441,                0.87655,                0.67643,                0.93966,                0.68508,                 1.2956,               0.003532,               0.003532,               0.003532
                    198,                0.39365,                0.25695,                0.91341,                0.86706,                 0.8305,                0.87504,                 0.6786,                0.94359,                0.69726,                 1.2966,               0.003499,               0.003499,               0.003499
                    199,                  0.393,                0.25506,                0.90936,                0.86895,                0.82832,                0.87404,                 0.6802,                0.93466,                 0.6915,                 1.2874,               0.003466,               0.003466,               0.003466
                    200,                0.38765,                0.25855,                0.90374,                0.89313,                0.82126,                0.87641,                0.67871,                0.95125,                0.69507,                 1.3064,               0.003433,               0.003433,               0.003433
                    201,                0.39802,                0.25782,                0.91157,                0.88389,                0.82948,                0.87518,                0.67915,                0.94312,                0.68139,                 1.3024,                 0.0034,                 0.0034,                 0.0034
                    202,                0.39832,                0.26034,                0.90955,                0.88183,                0.83131,                0.87557,                0.67963,                0.94147,                0.67768,                 1.3012,               0.003367,               0.003367,               0.003367
                    203,                0.38915,                0.25346,                0.90757,                0.88144,                 0.8318,                0.87317,                0.68109,                0.94627,                0.68605,                 1.3052,               0.003334,               0.003334,               0.003334
                    204,                0.38667,                0.25539,                0.90381,                0.89706,                0.81577,                0.86971,                0.67951,                0.95285,                0.71251,                  1.305,               0.003301,               0.003301,               0.003301
                    205,                0.38886,                0.25227,                0.90477,                0.89538,                0.81413,                0.87015,                0.67549,                0.94976,                0.71682,                 1.3013,               0.003268,               0.003268,               0.003268
                    206,                 0.3837,                0.24946,                0.90215,                0.88656,                0.82474,                0.86922,                0.67586,                0.95404,                0.71535,                  1.309,               0.003235,               0.003235,               0.003235
                    207,                 0.3867,                0.25176,                0.90813,                0.89009,                0.82222,                0.86761,                0.67329,                0.95638,                0.71076,                 1.3156,               0.003202,               0.003202,               0.003202
                    208,                 0.3899,                0.25427,                 0.9123,                0.88815,                0.82162,                0.86795,                0.67459,                0.96104,                0.71254,                 1.3174,               0.003169,               0.003169,               0.003169
                    209,                0.38672,                0.25536,                0.90617,                0.87888,                0.83295,                0.86607,                0.67549,                0.96064,                0.69858,                  1.315,               0.003136,               0.003136,               0.003136
                    210,                 0.3778,                0.25317,                 0.9026,                0.88954,                0.82847,                0.86641,                0.67487,                0.96332,                0.68102,                 1.3167,               0.003103,               0.003103,               0.003103
                    211,                0.38273,                0.25436,                0.90991,                0.89156,                0.83646,                  0.874,                0.67585,                0.96604,                0.67611,                 1.3227,                0.00307,                0.00307,                0.00307
                    212,                0.37458,                0.24861,                0.90615,                0.89319,                0.83564,                0.87337,                 0.6765,                0.94826,                0.65479,                 1.3111,               0.003037,               0.003037,               0.003037
                    213,                0.37634,                0.25097,                0.90226,                0.89967,                0.83802,                0.87066,                 0.6745,                0.94576,                0.65779,                 1.3029,               0.003004,               0.003004,               0.003004
                    214,                0.37033,                0.24606,                0.89555,                0.88815,                0.83709,                0.86859,                0.67452,                0.94976,                0.67429,                 1.2997,               0.002971,               0.002971,               0.002971
                    215,                0.37694,                0.25219,                0.90014,                0.89303,                 0.8246,                0.87125,                0.68053,                0.94527,                 0.6831,                  1.295,               0.002938,               0.002938,               0.002938
                    216,                0.37027,                0.24326,                0.90007,                0.88746,                0.82955,                0.87114,                0.67934,                0.94105,                0.67493,                 1.2881,               0.002905,               0.002905,               0.002905
                    217,                0.37185,                 0.2484,                0.89601,                0.88302,                0.83164,                 0.8735,                0.67791,                0.94039,                0.68109,                  1.291,               0.002872,               0.002872,               0.002872
                    218,                0.36628,                0.24317,                 0.8957,                0.88147,                0.83648,                0.87449,                0.67967,                0.94105,                 0.6853,                 1.2948,               0.002839,               0.002839,               0.002839
                    219,                0.37149,                 0.2465,                0.89947,                0.90355,                0.81906,                0.87241,                0.67771,                 0.9469,                0.68036,                 1.2922,               0.002806,               0.002806,               0.002806
                    220,                0.36774,                0.24835,                0.89349,                 0.8957,                0.82447,                0.87372,                0.67836,                0.94357,                0.66582,                 1.2858,               0.002773,               0.002773,               0.002773
                    221,                0.36214,                0.24079,                0.89355,                0.89421,                0.82689,                0.87538,                0.68092,                 0.9435,                0.65858,                 1.2883,                0.00274,                0.00274,                0.00274
                    222,                  0.358,                0.23804,                0.89012,                0.90231,                0.82069,                0.87618,                0.67659,                0.94577,                0.64663,                 1.2933,               0.002707,               0.002707,               0.002707
                    223,                0.36604,                0.24201,                0.89544,                0.89364,                 0.8238,                 0.8809,                0.68195,                0.94931,                0.64752,                 1.2982,               0.002674,               0.002674,               0.002674
                    224,                0.36158,                0.23753,                0.89632,                0.90336,                 0.8195,                 0.8791,                0.67859,                0.94644,                0.64797,                 1.2959,               0.002641,               0.002641,               0.002641
                    225,                0.35278,                0.23696,                0.89198,                0.88066,                 0.8414,                0.87684,                 0.6798,                0.95286,                0.64203,                 1.3042,               0.002608,               0.002608,               0.002608
                    226,                0.35816,                0.23812,                  0.895,                 0.8862,                0.83852,                  0.879,                0.68017,                0.95477,                0.64632,                   1.31,               0.002575,               0.002575,               0.002575
                    227,                0.35333,                0.23562,                0.89259,                0.87422,                0.84638,                  0.879,                  0.677,                0.94987,                0.64635,                  1.304,               0.002542,               0.002542,               0.002542
                    228,                0.35523,                0.23513,                0.89184,                 0.8809,                0.84459,                0.87754,                0.67681,                0.94835,                0.65017,                 1.3028,               0.002509,               0.002509,               0.002509
                    229,                0.35226,                0.23266,                0.88686,                0.88593,                 0.8425,                0.87712,                0.68316,                0.94022,                0.65247,                 1.2934,               0.002476,               0.002476,               0.002476
                    230,                0.34403,                0.22613,                 0.8895,                0.89348,                0.83318,                0.87614,                0.68141,                0.93863,                0.65913,                 1.2905,               0.002443,               0.002443,               0.002443
                    231,                0.34572,                 0.2309,                0.88555,                0.89442,                0.83449,                0.87472,                 0.6774,                 0.9411,                0.64788,                 1.2959,                0.00241,                0.00241,                0.00241
                    232,                 0.3491,                0.22926,                0.89064,                0.89274,                0.83405,                0.87451,                0.67774,                0.94221,                0.66085,                 1.2996,               0.002377,               0.002377,               0.002377
                    233,                0.34454,                0.22811,                0.88396,                0.88847,                0.83426,                0.87472,                0.67921,                0.94667,                0.66533,                 1.3041,               0.002344,               0.002344,               0.002344
                    234,                0.34309,                0.22423,                0.88565,                0.90035,                0.82597,                0.87264,                0.67747,                0.94856,                0.68448,                 1.3002,               0.002311,               0.002311,               0.002311
                    235,                0.34301,                0.22615,                0.88643,                0.89676,                0.82937,                0.87428,                0.67623,                0.95031,                0.69049,                 1.3018,               0.002278,               0.002278,               0.002278
                    236,                0.34141,                0.22471,                0.88746,                0.89295,                0.82871,                0.87542,                0.67832,                0.94474,                0.68518,                 1.2961,               0.002245,               0.002245,               0.002245
                    237,                0.33785,                0.22792,                0.88784,                0.89236,                0.83049,                0.87673,                0.67795,                0.94025,                0.69053,                 1.2879,               0.002212,               0.002212,               0.002212
                    238,                0.33638,                0.22544,                0.88465,                0.88918,                0.82979,                0.87666,                0.67895,                0.94631,                0.69146,                  1.287,               0.002179,               0.002179,               0.002179
                    239,                0.33848,                0.22242,                0.88472,                0.88577,                0.83231,                0.87489,                0.67734,                0.94136,                0.68976,                 1.2837,               0.002146,               0.002146,               0.002146
                    240,                 0.3361,                0.22099,                0.88398,                0.88225,                0.83407,                0.87553,                 0.6751,                0.94348,                0.68779,                  1.287,               0.002113,               0.002113,               0.002113
                    241,                0.33293,                0.21574,                0.88273,                0.89292,                0.82654,                0.87523,                0.67325,                 0.9416,                0.68837,                 1.2869,                0.00208,                0.00208,                0.00208
                    242,                0.33826,                0.22579,                0.88895,                0.89316,                0.82762,                0.87444,                 0.6747,                0.94181,                0.67628,                 1.2845,               0.002047,               0.002047,               0.002047
                    243,                0.33498,                0.21936,                0.88547,                0.88825,                0.83183,                0.87499,                0.67245,                0.94365,                0.66746,                 1.2871,               0.002014,               0.002014,               0.002014
                    244,                0.33087,                0.21648,                0.88279,                0.88706,                0.82864,                 0.8752,                0.67556,                0.94582,                0.66753,                 1.2872,               0.001981,               0.001981,               0.001981
                    245,                0.33459,                  0.221,                0.88371,                0.88579,                0.83072,                0.87452,                0.67451,                0.94803,                0.66808,                 1.2897,               0.001948,               0.001948,               0.001948
                    246,                0.32714,                0.21658,                0.88742,                0.89421,                0.82461,                0.87441,                0.67535,                0.94773,                0.65941,                 1.2883,               0.001915,               0.001915,               0.001915
                    247,                0.32265,                0.21437,                0.88439,                0.89559,                 0.8244,                0.87541,                0.67487,                 0.9499,                0.66249,                 1.2983,               0.001882,               0.001882,               0.001882
                    248,                0.32543,                0.21275,                  0.881,                0.89568,                 0.8256,                0.87605,                0.67598,                0.95171,                0.66287,                 1.3044,               0.001849,               0.001849,               0.001849
                    249,                0.32638,                0.21817,                0.88474,                0.89327,                0.82552,                0.87716,                0.67791,                 0.9525,                0.66156,                  1.307,               0.001816,               0.001816,               0.001816
                    250,                0.32046,                 0.2128,                0.87942,                0.89006,                0.82898,                0.87903,                0.67893,                0.95522,                0.66571,                 1.3121,               0.001783,               0.001783,               0.001783
                    251,                  0.318,                0.21326,                0.88126,                0.89109,                0.82828,                0.87736,                0.67704,                0.95583,                 0.6694,                 1.3149,                0.00175,                0.00175,                0.00175
                    252,                0.31423,                0.20589,                0.87804,                0.89047,                0.82983,                0.87598,                0.67566,                 0.9533,                0.66487,                 1.3179,               0.001717,               0.001717,               0.001717
                    253,                0.31853,                0.20757,                0.88217,                0.89283,                 0.8251,                0.87493,                0.67409,                0.95202,                0.66405,                 1.3208,               0.001684,               0.001684,               0.001684
                    254,                0.31274,                0.20889,                 0.8797,                0.89817,                0.81736,                0.87623,                0.67328,                0.95296,                 0.6687,                 1.3231,               0.001651,               0.001651,               0.001651
                    255,                0.31417,                0.20529,                0.87963,                0.89087,                0.82735,                0.87534,                0.67333,                 0.9531,                0.66733,                 1.3255,               0.001618,               0.001618,               0.001618
                    256,                 0.3148,                0.20761,                 0.8794,                0.89251,                0.82803,                0.87365,                0.67333,                0.95346,                  0.668,                 1.3294,               0.001585,               0.001585,               0.001585
                    257,                0.31062,                0.20859,                0.87785,                0.89562,                0.82672,                0.87332,                0.67285,                0.95536,                0.66957,                 1.3321,               0.001552,               0.001552,               0.001552
                    258,                0.30901,                 0.2077,                0.87374,                0.89069,                0.82772,                0.87664,                0.67472,                0.95507,                0.66509,                 1.3316,               0.001519,               0.001519,               0.001519
                    259,                0.31074,                0.20836,                0.88197,                0.89127,                 0.8299,                0.87661,                0.67615,                0.95642,                0.66414,                 1.3342,               0.001486,               0.001486,               0.001486
                    260,                0.30682,                0.20761,                 0.8766,                0.89042,                0.83066,                0.87531,                0.67916,                0.95349,                0.66409,                 1.3355,               0.001453,               0.001453,               0.001453
                    261,                 0.3008,                0.20107,                0.87474,                0.88993,                0.83057,                0.87613,                  0.678,                0.95067,                0.66466,                  1.336,                0.00142,                0.00142,                0.00142
                    262,                0.30373,                0.20267,                 0.8782,                0.88776,                0.83101,                0.87525,                0.67753,                0.94896,                0.66576,                 1.3373,               0.001387,               0.001387,               0.001387
                    263,                0.31222,                0.20668,                  0.879,                0.88744,                0.83174,                0.87461,                0.67691,                0.94846,                0.67454,                 1.3372,               0.001354,               0.001354,               0.001354
                    264,                 0.2996,                0.19761,                0.87127,                0.88493,                0.83046,                0.87418,                0.67813,                0.94837,                0.67947,                 1.3401,               0.001321,               0.001321,               0.001321
                    265,                0.29827,                0.19581,                0.87554,                0.89896,                 0.8198,                0.87573,                0.68014,                0.94763,                0.68002,                 1.3417,               0.001288,               0.001288,               0.001288
                    266,                0.29515,                0.19817,                0.87308,                0.88305,                 0.8307,                0.87596,                0.67995,                0.94764,                0.67734,                 1.3431,               0.001255,               0.001255,               0.001255
                    267,                0.29751,                0.19645,                0.87599,                0.88144,                0.82954,                0.87433,                0.67916,                0.94841,                0.67801,                  1.346,               0.001222,               0.001222,               0.001222
                    268,                0.29155,                0.19835,                0.87161,                0.88505,                0.82899,                0.87396,                0.67861,                0.94882,                0.68108,                  1.348,               0.001189,               0.001189,               0.001189
                    269,                0.29307,                0.19419,                0.87478,                0.88619,                0.82804,                0.87331,                0.67796,                0.94928,                0.68074,                 1.3491,               0.001156,               0.001156,               0.001156
                    270,                0.29622,                0.19845,                0.87337,                0.88439,                0.82715,                0.87325,                0.67873,                0.94885,                0.67822,                 1.3501,               0.001123,               0.001123,               0.001123
                    271,                0.29228,                0.19734,                0.87251,                0.88291,                0.82805,                0.87286,                  0.679,                0.94926,                0.67766,                 1.3509,                0.00109,                0.00109,                0.00109
                    272,                0.29173,                 0.1945,                0.87366,                0.88653,                0.82554,                0.87367,                0.67983,                0.94993,                0.67942,                 1.3516,               0.001057,               0.001057,               0.001057
                    273,                0.29012,                0.19253,                0.86951,                0.89109,                0.82313,                0.87488,                0.67973,                0.95005,                0.68396,                 1.3505,               0.001024,               0.001024,               0.001024
                    274,                0.29162,                0.19263,                 0.8727,                0.89119,                0.82254,                0.87533,                0.68106,                0.94944,                0.68775,                 1.3498,               0.000991,               0.000991,               0.000991
